,역사_ID,역사명,호선,위도,경도,주소
0,9996,미사,5호선,127.193877,37.560927,경기도 하남시 망월동
1,9995,강일,5호선,127.17593,37.55749,서울특별시 강동구 강일동
2,4929,김포공항,김포골드라인,126.801868,37.56236,서울특별시 강서구 방화동
3,4928,고촌,김포골드라인,126.770345,37.601243,경기도 김포시 고촌읍 신곡리
4,4927,풍무,김포골드라인,126.732387,37.612488,경기도 김포시 사우동
5,4926,사우(김포시청),김포골드라인,126.719731,37.620249,경기도 김포시 사우동
6,4925,걸포북변,김포골드라인,126.705975,37.63165,경기도 김포시 북변동
7,4924,운양,김포골드라인,126.68393,37.653867,경기도 김포시 운양동
8,4923,장기,김포골드라인,126.669017,37.643986,경기도 김포시 장기동
9,4922,마산,김포골드라인,126.644344,37.640732,경기도 김포시 마산동
10,4921,구래,김포골드라인,126.628633,37.645384,경기도 김포시 구래동
11,4920,양촌,김포골드라인,126.614309,37.642379,경기도 김포시 양촌읍 유현리
12,4815,원시,서해선,126.786691,37.302371,경기도 안산시 단원구 원시동
13,4814,원곡,서해선,126.796261,37.31321,경기도 안산시 단원구 원시동
14,4813,초지,서해선,126.808147,37.319619,경기도 안산시 단원구 초지동
15,4812,선부,서해선,126.809904,37.334353,경기도 안산시 단원구 선부동
16,4811,달미,서해선,126.809409,37.348847,경기도 안산시 단원구 선부동
17,4810,시흥능곡,서해선,126.808573,37.369864,경기도 시흥시 능곡동
18,4809,시흥시청,서해선,126.805625,37.382223,경기도 시흥시 장현동
19,4808,신현,서해선,126.788017,37.409008,경기도 시흥시 미산동
20,4807,신천,서해선,126.786788,37.439066,경기도 시흥시 신천동
21,4806,시흥대야,서해선,126.793041,37.450145,경기도 시흥시 대야동
22,4805,소새울,서해선,126.797252,37.468467,경기도 부천시 소사본동
23,4804,소사,서해선,126.795023,37.483279,경기도 부천시 소사동
24,4713,신설동,우이신설선,127.023242,37.576095,서울특별시 동대문구 신설동
25,4712,보문,우이신설선,127.019381,37.585286,서울특별시 성북구 보문동2가
26,4711,성신여대입구(돈암),우이신설선,127.016516,37.592467,서울특별시 성북구 동소문동5가
27,4710,정릉,우이신설선,127.013396,37.603133,서울특별시 성북구 정릉동
28,4709,북한산보국문,우이신설선,127.008251,37.612072,서울특별시 성북구 정릉동
29,4708,솔샘,우이신설선,127.013626,37.620238,서울특별시 강북구 미아동
30,4707,삼양사거리,우이신설선,127.020473,37.621337,서울특별시 강북구 미아동
31,4706,삼양,우이신설선,127.018106,37.626914,서울특별시 강북구 미아동
32,4705,화계,우이신설선,127.017511,37.634133,서울특별시 강북구 수유동
33,4704,가오리,우이신설선,127.016789,37.641537,서울특별시 강북구 수유동
34,4703,4.19민주묘지,우이신설선,127.013684,37.649502,서울특별시 강북구 우이동
35,4702,솔밭공원,우이신설선,127.013273,37.65603,서울특별시 강북구 우이동
36,4701,북한산우이,우이신설선,127.012706,37.662909,서울특별시 강북구 우이동
37,4615,탑석,의정부선,127.088704,37.733579,경기도 의정부시 용현동
38,4614,송산,의정부선,127.087159,37.737279,경기도 의정부시 용현동
39,4613,어룡,의정부선,127.085035,37.742802,경기도 의정부시 용현동
40,4612,곤제,의정부선,127.083715,37.750471,경기도 의정부시 낙양동
41,4611,효자,의정부선,127.076902,37.754025,경기도 의정부시 신곡동
42,4610,경기도청북부청사,의정부선,127.071495,37.75059,경기도 의정부시 신곡동
43,4609,새말,의정부선,127.06362,37.748885,경기도 의정부시 신곡동
44,4608,동오,의정부선,127.056947,37.745271,경기도 의정부시 신곡동
45,4607,의정부중앙,의정부선,127.049565,37.743676,경기도 의정부시 의정부동
46,4606,흥선,의정부선,127.037023,37.743302,경기도 의정부시 가능동
47,4605,의정부시청,의정부선,127.034781,37.739256,경기도 의정부시 의정부동
48,4604,경전철의정부,의정부선,127.043257,37.737202,경기도 의정부시 의정부동
49,4603,범골,의정부선,127.04353,37.728755,경기도 의정부시 호원동
50,4602,회룡,의정부선,127.047073,37.725006,경기도 의정부시 호원동
51,4601,발곡,의정부선,127.052803,37.727048,경기도 의정부시 신곡동
52,4517,전대.에버랜드,에버라인선,127.219561,37.285342,경기도 용인시 처인구 포곡읍 전대리
53,4515,둔전,에버라인선,127.21364,37.267051,경기도 용인시 처인구 포곡읍 둔전리
54,4514,보평,에버라인선,127.218457,37.258965,경기도 용인시 처인구 유방동
55,4513,고진,에버라인선,127.214251,37.24484,경기도 용인시 처인구 유방동
56,4512,운동장.송담대,에버라인선,127.209198,37.237845,경기도 용인시 처인구 김량장동
57,4511,김량장,에버라인선,127.198781,37.237247,경기도 용인시 처인구 김량장동
58,4510,명지대,에버라인선,127.190294,37.237964,경기도 용인시 처인구 역북동
59,4509,시청.용인대,에버라인선,127.178406,37.239151,경기도 용인시 처인구 삼가동
60,4508,삼가,에버라인선,127.168075,37.242115,경기도 용인시 처인구 삼가동
61,4506,초당,에버라인선,127.159443,37.260752,경기도 용인시 기흥구 중동
62,4505,동백,에버라인선,127.152716,37.269043,경기도 용인시 기흥구 중동
63,4504,어정,에버라인선,127.143714,37.274917,경기도 용인시 기흥구 상하동
64,4503,지석,에버라인선,127.136515,37.269606,경기도 용인시 기흥구 상하동
65,4502,강남대,에버라인선,127.126033,37.270161,경기도 용인시 기흥구 구갈동
66,4501,기흥,에버라인선,127.116665,37.275449,경기도 용인시 기흥구 구갈동
67,4319,광교(경기대),신분당선(연장),127.044483,37.30211,경기도 수원시 영통구 이의동
68,4318,광교중앙(아주대),신분당선(연장),127.051478,37.288617,경기도 수원시 영통구 이의동
69,4317,상현,신분당선(연장),127.069342,37.297664,경기도 용인시 수지구 상현동
70,4316,성복,신분당선(연장),127.0801,37.313335,경기도 용인시 수지구 성복동
71,4315,수지구청,신분당선(연장),127.095026,37.322702,경기도 용인시 수지구 풍덕천동
72,4314,동천,신분당선(연장),127.102976,37.337928,경기도 용인시 수지구 동천동
73,4313,미금,신분당선(연장),127.108918,37.349982,경기도 성남시 분당구 구미동
74,4312,정자,신분당선,127.108403,37.367098,경기도 성남시 분당구 정자동
75,4311,판교,신분당선,127.112217,37.394761,경기도 성남시 분당구 백현동
76,4310,청계산입구,신분당선,127.055664,37.447211,서울특별시 서초구 신원동
77,4309,양재시민의숲(매헌),신분당선,127.03842,37.470023,서울특별시 서초구 양재동
78,4308,양재(서초구청),신분당선,127.034653,37.483809,서울특별시 서초구 양재동
79,4307,강남,신분당선,127.028104,37.496837,서울특별시 서초구 서초동
80,4217,영종,공항철도1호선,126.524254,37.51202,인천광역시 중구 운북동
81,4215,인천공항2터미널,공항철도1호선,126.441442,37.460699,인천광역시 중구 운서동
82,4213,인천공항1터미널,공항철도1호선,126.452508,37.447464,인천광역시 중구 운서동
83,4212,공항화물청사,공항철도1호선,126.477516,37.459041,인천광역시 중구 운서동
84,4211,운서,공항철도1호선,126.49379,37.492904,인천광역시 중구 운서동
85,4210,청라국제도시,공항철도1호선,126.624648,37.556409,인천광역시 서구 청라동
86,4209,검암,공항철도1호선,126.674007,37.569098,인천광역시 서구 검암동
87,4208,계양,공항철도1호선,126.7363,37.571662,인천광역시 계양구 귤현동
88,4207,김포공항,공항철도1호선,126.801904,37.561842,서울특별시 강서구 방화동
89,4206,마곡나루,공항철도1호선,126.827378,37.565543,서울특별시 강서구 마곡동
90,4204,디지털미디어시티,공항철도1호선,126.898609,37.576958,서울특별시 마포구 상암동
91,4203,홍대입구,공항철도1호선,126.926715,37.557438,서울특별시 마포구 동교동
92,4202,공덕,공항철도1호선,126.952024,37.54253,서울특별시 마포구 도화동
93,4201,서울역,공항철도1호선,126.969769,37.553247,서울특별시 용산구 동자동
94,4138,중앙보훈병원,9호선(연장),127.148739,37.529191,서울특별시 강동구 둔촌동
95,4137,둔촌오륜,9호선(연장),127.137989,37.519683,서울특별시 강동구 둔촌동
96,4136,올림픽공원(한국체대),9호선(연장),127.130288,37.516269,서울특별시 송파구 방이동
97,4135,한성백제,9호선(연장),127.116503,37.516404,서울특별시 송파구 방이동
98,4134,송파나루,9호선(연장),127.112216,37.510372,서울특별시 송파구 방이동
99,4133,석촌,9호선(연장),127.10704,37.505208,서울특별시 송파구 석촌동
100,4132,석촌고분,9호선(연장),127.097033,37.502558,서울특별시 송파구 석촌동
101,4131,삼전,9호선(연장),127.088025,37.504738,서울특별시 송파구 잠실동
102,4130,종합운동장,9호선(연장),127.076275,37.511426,서울특별시 송파구 잠실동
103,4129,봉은사,9호선(연장),127.060245,37.514219,서울특별시 강남구 삼성동
104,4128,삼성중앙,9호선(연장),127.053282,37.513011,서울특별시 강남구 삼성동
105,4127,선정릉,9호선(연장),127.043999,37.510297,서울특별시 강남구 삼성동
106,4126,언주,9호선(연장),127.033868,37.507287,서울특별시 강남구 역삼동
107,4125,신논현,9호선,127.02506,37.504598,서울특별시 강남구 역삼동
108,4124,사평,9호선,127.015259,37.504206,서울특별시 서초구 반포동
109,4123,고속터미널,9호선,127.004403,37.50598,서울특별시 서초구 반포동
110,4122,신반포,9호선,126.995925,37.503415,서울특별시 서초구 반포동
111,4121,구반포,9호선,126.987332,37.501364,서울특별시 서초구 반포동
112,4120,동작(현충원),9호선,126.978153,37.502878,서울특별시 동작구 동작동
113,4119,흑석(중앙대입구),9호선,126.963708,37.50877,서울특별시 동작구 흑석동
114,4118,노들,9호선,126.953222,37.512887,서울특별시 동작구 본동
115,4117,노량진,9호선,126.941005,37.513534,서울특별시 동작구 노량진동
116,4116,샛강,9호선,126.928422,37.517274,서울특별시 영등포구 여의도동
117,4115,여의도,9호선,126.92403,37.52176,서울특별시 영등포구 여의도동
118,4114,국회의사당,9호선,126.917874,37.528105,서울특별시 영등포구 여의도동
119,4113,당산,9호선,126.902809,37.533406,서울특별시 영등포구 당산동5가
120,4112,선유도,9호선,126.893525,37.53802,서울특별시 영등포구 양평동5가
121,4111,신목동,9호선,126.88308,37.544277,서울특별시 양천구 목동
122,4110,염창,9호선,126.874916,37.546936,서울특별시 양천구 목동
123,4109,등촌,9호선,126.865689,37.550632,서울특별시 양천구 목동
124,4108,증미,9호선,126.861939,37.557402,서울특별시 강서구 등촌동
125,4107,가양,9호선,126.854456,37.561391,서울특별시 강서구 등촌동
126,4106,양천향교,9호선,126.841333,37.568381,서울특별시 강서구 가양동
127,4105,마곡나루,9호선,126.82731,37.566778,서울특별시 강서구 마곡동
128,4104,신방화,9호선,126.816601,37.567532,서울특별시 강서구 방화동
129,4103,공항시장,9호선,126.810678,37.563726,서울특별시 강서구 공항동
130,4102,김포공항,9호선,126.802152,37.561916,서울특별시 강서구 방화동
131,4101,개화,9호선,126.798153,37.578608,서울특별시 강서구 개화동
132,3763,석남(거북시장),7호선,126.6762813,37.5062285,인천광역시 서구 석남동
133,3762,산곡,7호선,126.7035277,37.5086,인천광역시 부평구 산곡동
134,3227,운연(서창),인천2호선,126.75997,37.440127,인천광역시 남동구 운연동
135,3226,인천대공원,인천2호선,126.752618,37.448769,인천광역시 남동구 장수동
136,3225,남동구청,인천2호선,126.736939,37.448161,인천광역시 남동구 만수동
137,3224,만수,인천2호선,126.732094,37.454911,인천광역시 남동구 만수동
138,3223,모래내시장,인천2호선,126.719298,37.45583,인천광역시 남동구 구월동
139,3222,석천사거리,인천2호선,126.709986,37.456805,인천광역시 남동구 구월동
140,3221,인천시청,인천2호선,126.701306,37.456833,인천광역시 남동구 간석동
141,3220,석바위시장,인천2호선,126.692575,37.457611,인천광역시 미추홀구 주안동
142,3219,시민공원(문화창작지대),인천2호선,126.681192,37.458335,인천광역시 미추홀구 주안동
143,3218,주안,인천2호선,126.679098,37.464992,인천광역시 미추홀구 주안동
144,3217,주안국가산단,인천2호선,126.68113,37.473703,인천광역시 미추홀구 주안동
145,3216,가재울,인천2호선,126.683673,37.484192,인천광역시 서구 가좌동
146,3215,인천가좌,인천2호선,126.675208,37.4897,인천광역시 서구 가좌동
147,3214,서부여성회관,인천2호선,126.675795,37.500168,인천광역시 서구 석남동
148,3213,석남(거북시장),인천2호선,126.676203,37.506193,인천광역시 서구 석남동
149,3212,가정중앙시장,인천2호선,126.676672,37.517054,인천광역시 서구 가정동
150,3211,가정(루원시티),인천2호선,126.675539,37.524649,인천광역시 서구 가정동
151,3210,서구청,인천2호선,126.676787,37.543742,인천광역시 서구 심곡동
152,3209,아시아드경기장(공촌사거리),인천2호선,126.677122,37.5517,인천광역시 서구 연희동
153,3208,검바위,인천2호선,126.677566,37.561405,인천광역시 서구 검암동
154,3207,검암,인천2호선,126.675687,37.56866,인천광역시 서구 검암동
155,3206,독정,인천2호선,126.675844,37.585212,인천광역시 서구 백석동
156,3205,완정,인천2호선,126.673203,37.592928,인천광역시 서구 당하동
157,3204,마전,인천2호선,126.666998,37.597566,인천광역시 서구 마전동
158,3203,검단사거리,인천2호선,126.657108,37.60185,인천광역시 서구 왕길동
159,3202,왕길,인천2호선,126.642696,37.59518,인천광역시 서구 왕길동
160,3201,검단오류(검단산업단지),인천2호선,126.627178,37.594877,인천광역시 서구 오류동
161,3139,송도달빛축제공원,인천1호선,126.62597,37.407143,인천광역시 연수구 송도동
162,3138,국제업무지구,인천1호선,126.630347,37.399907,인천광역시 연수구 송도동
163,3137,센트럴파크,인천1호선,126.634729,37.393054,인천광역시 연수구 송도동
164,3136,인천대입구,인천1호선,126.639484,37.386007,인천광역시 연수구 송도동
165,3135,지식정보단지,인천1호선,126.645168,37.378384,인천광역시 연수구 송도동
166,3134,테크노파크,인천1호선,126.656365,37.382268,인천광역시 연수구 송도동
167,3133,캠퍼스타운,인천1호선,126.661673,37.387855,인천광역시 연수구 송도동
168,3132,동막,인천1호선,126.674005,37.397878,인천광역시 남동구 고잔동
169,3131,동춘,인천1호선,126.681015,37.404737,인천광역시 연수구 동춘동
170,3130,원인재,인천1호선,126.687869,37.412333,인천광역시 연수구 연수동
171,3129,신연수,인천1호선,126.693863,37.41804,인천광역시 연수구 연수동
172,3128,선학,인천1호선,126.698863,37.426684,인천광역시 연수구 선학동
173,3127,문학경기장,인천1호선,126.698579,37.434935,인천광역시 연수구 선학동
174,3126,인천터미널,인천1호선,126.699706,37.442383,인천광역시 미추홀구 관교동
175,3125,예술회관,인천1호선,126.701012,37.449396,인천광역시 남동구 구월동
176,3124,인천시청,인천1호선,126.702143,37.457263,인천광역시 남동구 간석동
177,3123,간석오거리,인천1호선,126.707938,37.467048,인천광역시 남동구 간석동
178,3122,부평삼거리,인천1호선,126.710208,37.477679,인천광역시 부평구 십정동
179,3121,동수,인천1호선,126.718247,37.485312,인천광역시 부평구 부평동
180,3120,부평,인천1호선,126.723453,37.490535,인천광역시 부평구 부평동
181,3119,부평시장,인천1호선,126.722244,37.498383,인천광역시 부평구 부평동
182,3118,부평구청,인천1호선,126.720555,37.508407,인천광역시 부평구 청천동
183,3117,갈산,인천1호선,126.721514,37.517268,인천광역시 부평구 청천동
184,3116,작전,인천1호선,126.722527,37.530415,인천광역시 계양구 작전동
185,3115,경인교대입구,인천1호선,126.722597,37.538157,인천광역시 계양구 계산동
186,3114,계산,인천1호선,126.728128,37.543238,인천광역시 계양구 계산동
187,3113,임학,인천1호선,126.738665,37.545059,인천광역시 계양구 임학동
188,3112,박촌,인천1호선,126.745077,37.553703,인천광역시 계양구 박촌동
189,3111,귤현,인천1호선,126.742654,37.566379,인천광역시 계양구 귤현동
190,3110,계양,인천1호선,126.73578,37.571449,인천광역시 계양구 귤현동
191,2828,남위례,8호선,127.13977,37.4624,경기도 성남시 수정구 복정동
192,2827,모란,8호선,127.129837,37.433824,경기도 성남시 중원구 성남동
193,2826,수진,8호선,127.140722,37.437428,경기도 성남시 중원구 성남동
194,2825,신흥,8호선,127.147564,37.440918,경기도 성남시 수정구 신흥동
195,2824,단대오거리,8호선,127.156866,37.44521,경기도 성남시 중원구 금광동
196,2823,남한산성입구(성남법원.검찰청),8호선,127.159816,37.451535,경기도 성남시 중원구 금광동
197,2822,산성,8호선,127.149908,37.457122,경기도 성남시 수정구 창곡동
198,2821,복정,8호선,127.126732,37.471052,서울특별시 송파구 장지동
199,2820,장지,8호선,127.126191,37.478703,서울특별시 송파구 장지동
200,2819,문정,8호선,127.1225,37.485855,서울특별시 송파구 문정동
201,2818,가락시장,8호선,127.118398,37.492888,서울특별시 송파구 가락동
202,2817,송파,8호선,127.112183,37.499703,서울특별시 송파구 가락동
203,2816,석촌,8호선,127.106832,37.505557,서울특별시 송파구 석촌동
204,2815,잠실(송파구청),8호선,127.104338,37.514692,서울특별시 송파구 신천동
205,2814,몽촌토성(평화의문),8호선,127.112359,37.517409,서울특별시 송파구 신천동
206,2813,강동구청,8호선,127.120508,37.530341,서울특별시 강동구 성내동
207,2812,천호(풍납토성),8호선,127.123254,37.538113,서울특별시 강동구 성내동
208,2811,암사,8호선,127.127562,37.55021,서울특별시 강동구 암사동
209,2761,부평구청,7호선,126.721599,37.507394,인천광역시 부평구 부평동
210,2760,굴포천,7호선,126.73128,37.506997,인천광역시 부평구 갈산동
211,2759,삼산체육관,7호선,126.742153,37.506411,인천광역시 부평구 부개동
212,2758,상동,7호선,126.753083,37.505781,경기도 부천시 상동
213,2757,부천시청,7호선,126.763538,37.504631,경기도 부천시 중동
214,2756,신중동,7호선,126.77596,37.503048,경기도 부천시 중동
215,2755,춘의,7호선,126.787036,37.503663,경기도 부천시 춘의동
216,2754,부천종합운동장,7호선,126.797337,37.50538,경기도 부천시 춘의동
217,2753,까치울,7호선,126.810939,37.506207,경기도 부천시 춘의동
218,2752,온수(성공회대입구),7호선,126.823023,37.492092,서울특별시 구로구 온수동
219,2751,천왕,7호선,126.838713,37.486637,서울특별시 구로구 천왕동
220,2750,광명사거리,7호선,126.854876,37.479252,경기도 광명시 광명동
221,2749,철산,7호선,126.867911,37.47605,경기도 광명시 철산동
222,2748,가산디지털단지,7호선,126.882656,37.480338,서울특별시 금천구 가산동
223,2747,남구로,7호선,126.887249,37.486056,서울특별시 구로구 구로동
224,2746,대림(구로구청),7호선,126.897075,37.493013,서울특별시 영등포구 대림동
225,2745,신풍,7호선,126.90993,37.50008,서울특별시 영등포구 신길동
226,2744,보라매,7호선,126.920428,37.499872,서울특별시 동작구 대방동
227,2743,신대방삼거리,7호선,126.928276,37.499701,서울특별시 동작구 대방동
228,2742,장승배기,7호선,126.93915,37.504898,서울특별시 동작구 상도동
229,2741,상도,7호선,126.94791,37.502834,서울특별시 동작구 상도1동
230,2740,숭실대입구(살피재),7호선,126.953822,37.496029,서울특별시 동작구 상도동
231,2739,남성,7호선,126.971251,37.484596,서울특별시 동작구 사당동
232,2738,이수,7호선,126.981605,37.485196,서울특별시 동작구 사당동
233,2737,내방,7호선,126.993513,37.487618,서울특별시 서초구 방배동
234,2736,고속터미널,7호선,127.005068,37.503367,서울특별시 서초구 반포동
235,2735,반포,7호선,127.011727,37.508178,서울특별시 서초구 반포동
236,2734,논현,7호선,127.021415,37.511093,서울특별시 강남구 논현동
237,2733,학동,7호선,127.031656,37.514229,서울특별시 강남구 논현동
238,2732,강남구청,7호선,127.041255,37.517179,서울특별시 강남구 논현동
239,2731,청담,7호선,127.05335,37.519365,서울특별시 강남구 삼성동
240,2730,뚝섬유원지,7호선,127.066704,37.53154,서울특별시 광진구 자양동
241,2729,건대입구,7호선,127.071011,37.540786,서울특별시 광진구 화양동
242,2728,어린이대공원(세종대),7호선,127.074658,37.548014,서울특별시 광진구 능동
243,2727,군자(능동),7호선,127.079338,37.556897,서울특별시 광진구 능동
244,2726,중곡,7호선,127.08432,37.565923,서울특별시 광진구 중곡동
245,2725,용마산,7호선,127.086727,37.573647,서울특별시 중랑구 면목동
246,2724,사가정,7호선,127.088478,37.580894,서울특별시 중랑구 면목동
247,2723,면목,7호선,127.087503,37.588579,서울특별시 중랑구 면목동
248,2722,상봉(시외버스터미널),7호선,127.085716,37.595577,서울특별시 중랑구 상봉동
249,2721,중화,7호선,127.079264,37.602545,서울특별시 중랑구 중화동
250,2720,먹골,7호선,127.077725,37.610637,서울특별시 중랑구 묵동
251,2719,태릉입구,7호선,127.075397,37.618294,서울특별시 노원구 공릉동
252,2718,공릉(서울과학기술대),7호선,127.072896,37.625742,서울특별시 노원구 공릉동
253,2717,하계,7호선,127.06799,37.636352,서울특별시 노원구 하계동
254,2716,중계,7호선,127.064303,37.644583,서울특별시 노원구 중계동
255,2715,노원,7호선,127.060462,37.654836,서울특별시 노원구 상계동
256,2714,마들,7호선,127.057675,37.66494,서울특별시 노원구 상계동
257,2713,수락산,7호선,127.055315,37.67785,서울특별시 노원구 상계동
258,2712,도봉산,7호선,127.046509,37.689241,서울특별시 도봉구 도봉동
259,2711,장암,7호선,127.053196,37.700109,경기도 의정부시 장암동
260,2649,신내,6호선,127.102231,37.613174,서울특별시 중랑구 신내동
261,2648,봉화산(서울의료원),6호선,127.091401,37.617283,서울특별시 중랑구 신내동
262,2647,화랑대(서울여대입구),6호선,127.084689,37.620064,서울특별시 노원구 공릉동
263,2646,태릉입구,6호선,127.074735,37.617338,서울특별시 노원구 공릉동
264,2645,석계,6호선,127.065595,37.614872,서울특별시 성북구 석관동
265,2644,돌곶이,6호선,127.056431,37.610537,서울특별시 성북구 장위동
266,2643,상월곡(한국과학기술연구원),6호선,127.048491,37.606377,서울특별시 성북구 상월곡동
267,2642,월곡(동덕여대),6호선,127.041518,37.601948,서울특별시 성북구 하월곡동
268,2641,고려대(종암),6호선,127.036296,37.590508,서울특별시 동대문구 제기동
269,2640,안암(고대병원앞),6호선,127.029005,37.586272,서울특별시 성북구 안암동5가
270,2639,보문,6호선,127.019351,37.585274,서울특별시 성북구 보문동2가
271,2638,창신,6호선,127.015241,37.579661,서울특별시 종로구 창신동
272,2637,동묘앞,6호선,127.015653,37.572279,서울특별시 종로구 창신동
273,2636,신당,6호선,127.016146,37.566154,서울특별시 중구 흥인동
274,2635,청구,6호선,127.013986,37.560608,서울특별시 중구 신당동
275,2634,약수,6호선,127.010358,37.554263,서울특별시 중구 신당동
276,2633,버티고개,6호선,127.007055,37.548013,서울특별시 중구 신당동
277,2632,한강진,6호선,127.001725,37.539631,서울특별시 용산구 한남동
278,2631,이태원,6호선,126.994302,37.534488,서울특별시 용산구 이태원동
279,2630,녹사평(용산구청),6호선,126.986695,37.534675,서울특별시 용산구 용산동4가
280,2629,삼각지,6호선,126.974032,37.535534,서울특별시 용산구 한강로1가
281,2628,효창공원앞,6호선,126.961384,37.539233,서울특별시 용산구 효창동
282,2627,공덕,6호선,126.951678,37.543555,서울특별시 마포구 공덕동
283,2626,대흥(서강대앞),6호선,126.942069,37.547771,서울특별시 마포구 대흥동
284,2625,광흥창(서강),6호선,126.931993,37.547456,서울특별시 마포구 창전동
285,2624,상수,6호선,126.922852,37.547716,서울특별시 마포구 상수동
286,2623,합정,6호선,126.913366,37.549209,서울특별시 마포구 합정동
287,2622,망원,6호선,126.910052,37.556094,서울특별시 마포구 서교동
288,2621,마포구청,6호선,126.903343,37.563515,서울특별시 마포구 성산동
289,2620,월드컵경기장(성산),6호선,126.899298,37.569532,서울특별시 마포구 성산동
290,2619,디지털미디어시티,6호선,126.901391,37.576108,서울특별시 마포구 상암동
291,2618,증산(명지대앞),6호선,126.909645,37.583876,서울특별시 은평구 증산동
292,2617,새절(신사),6호선,126.913629,37.591148,서울특별시 은평구 신사동
293,2616,구산,6호선,126.91727,37.611377,서울특별시 은평구 갈현동
294,2615,연신내,6호선,126.920625,37.618636,서울특별시 은평구 대조동
295,2614,독바위,6호선,126.933031,37.618456,서울특별시 은평구 불광동
296,2613,불광,6호선,126.92939,37.610873,서울특별시 은평구 대조동
297,2612,역촌,6호선,126.922744,37.606021,서울특별시 은평구 녹번동
298,2611,응암,6호선,126.915577,37.598605,서울특별시 은평구 신사동
299,2566,하남시청(덕풍-신장),5호선,127.20612,37.54205,경기도 하남시 덕풍동
300,2565,하남검단산,5호선,127.22345,37.53972,경기도 하남시 창우동
301,2564,하남풍산,5호선,127.203864,37.552034,경기도 하남시 덕풍동
302,2563,미사,5호선,127.193877,37.560927,경기도 하남시 망월동
303,2562,강일,5호선,127.17593,37.55749,서울특별시 강동구 강일동
304,2561,마천,5호선,127.152781,37.49499,서울특별시 송파구 마천동
305,2560,거여,5호선,127.14415,37.493105,서울특별시 송파구 거여동
306,2559,개롱,5호선,127.13482,37.498079,서울특별시 송파구 가락동
307,2558,오금,5호선,127.127938,37.502057,서울특별시 송파구 가락동
308,2557,방이,5호선,127.126133,37.508857,서울특별시 송파구 방이동
309,2556,올림픽공원(한국체대),5호선,127.130923,37.516201,서울특별시 송파구 방이동
310,2555,둔촌동,5호선,127.136248,37.527788,서울특별시 강동구 성내동
311,2554,상일동,5호선,127.166417,37.556712,서울특별시 강동구 상일동
312,2553,고덕,5호선,127.154151,37.555004,서울특별시 강동구 명일동
313,2552,명일,5호선,127.143999,37.55137,서울특별시 강동구 명일동
314,2551,굽은다리(강동구민회관앞),5호선,127.142853,37.545477,서울특별시 강동구 천호동
315,2550,길동,5호선,127.140004,37.537801,서울특별시 강동구 길동
316,2549,강동,5호선,127.132481,37.535804,서울특별시 강동구 성내동
317,2548,천호(풍납토성),5호선,127.123308,37.53864,서울특별시 송파구 풍납동
318,2547,광나루(장신대),5호선,127.10357,37.545303,서울특별시 광진구 광장동
319,2546,아차산(어린이대공원후문),5호선,127.089761,37.551691,서울특별시 광진구 구의동
320,2545,군자(능동),5호선,127.079577,37.557088,서울특별시 광진구 능동
321,2544,장한평,5호선,127.064623,37.56144,서울특별시 성동구 용답동
322,2543,답십리,5호선,127.052704,37.566747,서울특별시 성동구 용답동
323,2542,마장,5호선,127.042973,37.5661,서울특별시 성동구 마장동
324,2541,왕십리(성동구청),5호선,127.037059,37.56184,서울특별시 성동구 행당동
325,2540,행당,5호선,127.029476,37.557322,서울특별시 성동구 행당동
326,2539,신금호,5호선,127.020331,37.554548,서울특별시 성동구 금호동1가
327,2538,청구,5호선,127.013639,37.560276,서울특별시 중구 신당동
328,2537,동대문역사문화공원,5호선,127.005353,37.564665,서울특별시 중구 광희동1가
329,2536,을지로4가,5호선,126.998032,37.567352,서울특별시 중구 주교동
330,2535,종로3가,5호선,126.990305,37.57254,서울특별시 종로구 돈의동
331,2534,광화문(세종문화회관),5호선,126.97717,37.571525,서울특별시 종로구 세종로
332,2533,서대문,5호선,126.966641,37.565773,서울특별시 서대문구 충정로2가
333,2532,충정로(경기대입구),5호선,126.9629,37.560236,서울특별시 서대문구 충정로3가
334,2531,애오개,5호선,126.95682,37.553736,서울특별시 마포구 아현동
335,2530,공덕,5호선,126.951372,37.544431,서울특별시 마포구 공덕동
336,2529,마포,5호선,126.945932,37.539574,서울특별시 마포구 도화동
337,2528,여의나루,5호선,126.932901,37.527098,서울특별시 영등포구 여의도동
338,2527,여의도,5호선,126.924357,37.521747,서울특별시 영등포구 여의도동
339,2526,신길,5호선,126.914839,37.517623,서울특별시 영등포구 영등포동1가
340,2525,영등포시장,5호선,126.905139,37.522669,서울특별시 영등포구 영등포동5가
341,2524,영등포구청,5호선,126.89503,37.5242,서울특별시 영등포구 당산동2가
342,2523,양평,5호선,126.886129,37.525569,서울특별시 영등포구 양평동2가
343,2522,오목교(목동운동장앞),5호선,126.875181,37.524496,서울특별시 양천구 목동
344,2521,목동,5호선,126.864931,37.526065,서울특별시 양천구 목동
345,2520,신정(은행정),5호선,126.856191,37.524997,서울특별시 양천구 신정동
346,2519,까치산,5호선,126.846683,37.531768,서울특별시 강서구 화곡동
347,2518,화곡,5호선,126.840461,37.541513,서울특별시 강서구 화곡동
348,2517,우장산,5호선,126.836318,37.548768,서울특별시 강서구 내발산동
349,2516,발산,5호선,126.837668,37.558598,서울특별시 강서구 내발산동
350,2515,마곡,5호선,126.825448,37.560183,서울특별시 강서구 마곡동
351,2514,송정,5호선,126.811973,37.561184,서울특별시 강서구 공항동
352,2513,김포공항,5호선,126.801292,37.562384,서울특별시 강서구 방화동
353,2512,개화산,5호선,126.806171,37.572399,서울특별시 강서구 방화동
354,2511,방화,5호선,126.812741,37.577446,서울특별시 강서구 방화동
355,1958,대화,일산선,126.747569,37.676087,경기도 고양시 일산서구 대화동
356,1957,주엽,일산선,126.761334,37.670072,경기도 고양시 일산서구 주엽동
357,1956,정발산,일산선,126.773359,37.659477,경기도 고양시 일산동구 장항동
358,1955,마두,일산선,126.77762,37.652206,경기도 고양시 일산동구 장항동
359,1954,백석,일산선,126.78787,37.643114,경기도 고양시 일산동구 백석동
360,1953,대곡,일산선,126.811024,37.631626,경기도 고양시 덕양구 대장동
361,1952,화정,일산선,126.83265,37.634592,경기도 고양시 덕양구 화정동
362,1951,원당,일산선,126.843041,37.653324,경기도 고양시 덕양구 성사동
363,1950,삼송,일산선,126.895558,37.653083,경기도 고양시 덕양구 삼송동
364,1949,지축,일산선,126.91397,37.648017,경기도 고양시 덕양구 지축동
365,1948,원흥,일산선,126.872642,37.650658,경기도 고양시 덕양구 원흥동
366,1916,소요산,경원선,127.061034,37.9481,경기도 동두천시 상봉암동
367,1915,동두천,경원선,127.05479,37.927878,경기도 동두천시 동두천동
368,1914,보산,경원선,127.057277,37.913702,경기도 동두천시 보산동
369,1913,동두천중앙,경원선,127.056482,37.901885,경기도 동두천시 생연동
370,1912,지행,경원선,127.055716,37.892334,경기도 동두천시 지행동
371,1911,덕정,경원선,127.061277,37.843188,경기도 양주시 덕정동
372,1910,덕계,경원선,127.056486,37.818486,경기도 양주시 덕계동
373,1909,양주,경원선,127.044708,37.774381,경기도 양주시 남방동
374,1908,녹양,경원선,127.042292,37.75938,경기도 의정부시 녹양동
375,1907,가능,경원선,127.044213,37.748577,경기도 의정부시 가능동
376,1906,의정부,경원선,127.045958,37.738415,경기도 의정부시 의정부동
377,1905,회룡,경원선,127.04736,37.724416,경기도 의정부시 호원동
378,1904,망월사,경원선,127.047455,37.709914,경기도 의정부시 호원동
379,1903,도봉산,경원선,127.046049,37.689534,서울특별시 도봉구 도봉동
380,1902,도봉,경원선,127.045595,37.679563,서울특별시 도봉구 도봉동
381,1901,방학,경원선,127.044273,37.667503,서울특별시 도봉구 방학동
382,1891,인천,수인선,126.617326,37.476403,인천광역시 중구 북성동2가
383,1890,신포,수인선,126.623853,37.46874,인천광역시 중구 항동7가
384,1889,숭의,수인선,126.638297,37.460789,인천광역시 미추홀구 용현동
385,1888,인하대,수인선,126.649619,37.448493,인천광역시 미추홀구 용현동
386,1886,송도,수인선,126.657772,37.428514,인천광역시 연수구 옥련동
387,1885,연수,수인선,126.67894,37.417804,인천광역시 연수구 연수동
388,1884,원인재,수인선,126.686648,37.413049,인천광역시 연수구 연수동
389,1883,남동인더스파크,수인선,126.695216,37.407722,인천광역시 남동구 고잔동
390,1882,호구포,수인선,126.708627,37.401637,인천광역시 남동구 논현동
391,1881,인천논현,수인선,126.722478,37.400614,인천광역시 남동구 논현동
392,1880,소래포구,수인선,126.733522,37.40095,인천광역시 남동구 논현동
393,1879,월곶,수인선,126.742699,37.391769,경기도 시흥시 월곶동
394,1878,달월,수인선,126.745177,37.379681,경기도 시흥시 월곶동
395,1877,사리,수인선,126.85685,37.28998,경기도 안산시 상록구 사동
396,1876,야목,수인선,126.879483,37.264179,경기도 화성시 매송면 야목리
397,1875,어천,수인선,126.90879,37.250102,경기도 화성시 매송면 어천리
398,1874,오목천,수인선,126.963676,37.24304,경기도 수원시 권선구 오목천동
399,1873,고색,수인선,126.980248,37.24963,경기도 수원시 권선구 고색동
400,1872,매교,분당선,127.015678,37.265481,경기도 수원시 팔달구 매교동
401,1871,수원시청,분당선,127.030736,37.261911,경기도 수원시 권선구 권선동
402,1870,매탄권선,분당선,127.040566,37.252759,경기도 수원시 영통구 매탄동
403,1869,망포,분당선,127.057353,37.245795,경기도 수원시 영통구 영통동
404,1868,영통,분당선,127.071394,37.251568,경기도 수원시 영통구 영통동
405,1867,청명,분당선,127.078934,37.259489,경기도 수원시 영통구 영통동
406,1866,상갈,분당선,127.108847,37.26181,경기도 용인시 기흥구 상갈동
407,1865,기흥,분당선,127.11591,37.275061,경기도 용인시 기흥구 구갈동
408,1864,신갈,분당선,127.111313,37.286102,경기도 용인시 기흥구 신갈동
409,1863,구성,분당선,127.105664,37.298969,경기도 용인시 기흥구 마북동
410,1862,죽전,분당선,127.107395,37.324753,경기도 용인시 수지구 죽전동
411,1861,보정,분당선,127.108196,37.312752,경기도 용인시 기흥구 보정동
412,1860,이매,분당선,127.128248,37.395371,경기도 성남시 분당구 이매동
413,1859,오리,분당선,127.108942,37.339824,경기도 성남시 분당구 구미동
414,1858,미금,분당선,127.10891,37.350077,경기도 성남시 분당구 금곡동
415,1857,정자,분당선,127.10807,37.365994,경기도 성남시 분당구 정자동
416,1856,수내,분당선,127.114322,37.378455,경기도 성남시 분당구 수내동
417,1855,서현,분당선,127.123592,37.385126,경기도 성남시 분당구 서현동
418,1854,야탑,분당선,127.128715,37.411185,경기도 성남시 분당구 야탑동
419,1853,모란,분당선,127.129104,37.432052,경기도 성남시 중원구 성남동
420,1852,태평,분당선,127.127709,37.440019,경기도 성남시 수정구 태평동
421,1851,가천대,분당선,127.126697,37.448605,경기도 성남시 수정구 태평동
422,1850,선정릉,분당선,127.043677,37.510735,서울특별시 강남구 논현동
423,1849,강남구청,분당선,127.041151,37.517469,서울특별시 강남구 논현동
424,1848,압구정로데오,분당선,127.040534,37.527381,서울특별시 강남구 신사동
425,1847,서울숲,분당선,127.044707,37.543617,서울특별시 성동구 성수동1가
426,1846,수원,분당선,126.999422,37.265917,경기도 수원시 팔달구 매산로1가
427,1823,도화,경인선,126.668672,37.46607,인천광역시 미추홀구 도화동
428,1822,중동,경인선,126.764843,37.486562,경기도 부천시 송내동
429,1821,온수(성공회대입구),경인선,126.824086,37.492433,서울특별시 구로구 온수동
430,1817,도원,경인선,126.642706,37.468446,인천광역시 미추홀구 숭의동
431,1816,간석,경인선,126.694181,37.464737,인천광역시 남동구 간석동
432,1815,부개,경인선,126.74109,37.488418,인천광역시 부평구 부개동
433,1814,소사,경인선,126.79544,37.482753,경기도 부천시 소사본동
434,1813,구일,경인선,126.870793,37.496756,서울특별시 구로구 구로동
435,1812,인천,경인선,126.616801,37.476079,인천광역시 중구 북성동1가
436,1811,동인천,경인선,126.632802,37.475276,인천광역시 중구 인현동
437,1810,제물포,경인선,126.656666,37.466769,인천광역시 미추홀구 도화동
438,1809,주안,경인선,126.679742,37.465047,인천광역시 미추홀구 주안동
439,1808,동암,경인선,126.702896,37.471408,인천광역시 부평구 십정동
440,1807,백운,경인선,126.707704,37.483664,인천광역시 부평구 십정동
441,1806,부평,경인선,126.724506,37.489445,인천광역시 부평구 부평동
442,1805,송내,경인선,126.753664,37.4876,경기도 부천시 송내동
443,1804,부천,경인선,126.782686,37.48405,경기도 부천시 심곡본동
444,1803,역곡,경인선,126.811502,37.485178,경기도 부천시 역곡동
445,1802,오류동,경인선,126.845365,37.494526,서울특별시 구로구 오류동
446,1801,개봉,경인선,126.85968,37.494594,서울특별시 구로구 개봉동
447,1763,수리산,안산선,126.925365,37.349801,경기도 군포시 산본동
448,1762,오이도,안산선,126.738714,37.362357,경기도 시흥시 정왕동
449,1761,정왕,안산선,126.742989,37.351735,경기도 시흥시 정왕동
450,1760,신길온천,안산선,126.765844,37.338212,경기도 안산시 단원구 신길동
451,1759,안산,안산선,126.788532,37.327082,경기도 안산시 단원구 원곡동
452,1758,초지,안산선,126.805913,37.320646,경기도 안산시 단원구 초지동
453,1757,고잔,안산선,126.823144,37.316784,경기도 안산시 단원구 고잔동
454,1756,중앙,안산선,126.838573,37.315941,경기도 안산시 단원구 고잔동
455,1755,한대앞,안산선,126.85344,37.309689,경기도 안산시 상록구 이동
456,1754,상록수,안산선,126.866489,37.302795,경기도 안산시 상록구 본오동
457,1753,반월,안산선,126.903524,37.312212,경기도 안산시 상록구 건건동
458,1752,대야미,안산선,126.917332,37.328467,경기도 군포시 대야미동
459,1751,산본,안산선,126.933274,37.358101,경기도 군포시 산본동
460,1750,광명,경부선,126.884466,37.416182,경기도 광명시 일직동
461,1749,서동탄,경부선,127.051672,37.195504,경기도 오산시 외삼미동
462,1729,당정,경부선,126.948345,37.344285,경기도 군포시 당정동
463,1728,천안,경부선,127.146826,36.810005,충청남도 천안시 동남구 대흥동
464,1727,두정,경부선,127.14896,36.833705,충청남도 천안시 서북구 두정동
465,1726,직산,경부선,127.143904,36.870593,충청남도 천안시 서북구 직산읍 모시리
466,1725,성환,경부선,127.126964,36.916076,충청남도 천안시 서북구 성환읍 성환리
467,1724,평택,경부선,127.085159,36.990726,경기도 평택시 평택동
468,1723,지제,경부선,127.070444,37.0188,경기도 평택시 지제동
469,1722,서정리,경부선,127.052819,37.056496,경기도 평택시 서정동
470,1721,송탄,경부선,127.054301,37.075696,경기도 평택시 신장동
471,1720,진위,경부선,127.062278,37.109447,경기도 평택시 진위면 하북리
472,1719,오산,경부선,127.06672,37.145885,경기도 오산시 오산동
473,1718,오산대,경부선,127.063197,37.168953,경기도 오산시 수청동
474,1717,세마,경부선,127.04318,37.187533,경기도 오산시 세교동
475,1716,병점,경부선,127.032731,37.207503,경기도 화성시 진안동
476,1715,세류,경부선,127.013222,37.245025,경기도 수원시 권선구 장지동
477,1714,독산,경부선,126.889249,37.466613,서울특별시 금천구 가산동
478,1713,수원,경부선,126.999561,37.266348,경기도 수원시 팔달구 매산로1가
479,1712,화서,경부선,126.989627,37.283862,경기도 수원시 팔달구 화서동
480,1711,성균관대,경부선,126.97075,37.300349,경기도 수원시 장안구 율전동
481,1710,의왕,경부선,126.948217,37.320852,경기도 의왕시 삼동
482,1709,군포,경부선,126.948462,37.35356,경기도 군포시 당동
483,1708,금정,경부선,126.943429,37.372221,경기도 군포시 금정동
484,1707,명학,경부선,126.935433,37.384653,경기도 안양시 만안구 안양동
485,1706,안양,경부선,126.922874,37.401592,경기도 안양시 만안구 안양동
486,1705,관악,경부선,126.908706,37.419232,경기도 안양시 만안구 석수동
487,1704,석수,경부선,126.902295,37.435047,경기도 안양시 만안구 석수동
488,1703,금천구청,경부선,126.89398,37.455626,서울특별시 금천구 시흥동
489,1702,가산디지털단지,경부선,126.882581,37.481581,서울특별시 금천구 가산동
490,1701,구로,경부선,126.881966,37.503039,서울특별시 구로구 구로동
491,1511,여주,경강선,127.628816,37.282308,경기도 여주시 교동
492,1510,세종대왕릉,경강선,127.570938,37.295309,경기도 여주시 세종대왕면 신지리
493,1509,부발,경강선,127.490277,37.260192,경기도 이천시 부발읍 아미리
494,1508,이천,경강선,127.44226,37.265579,경기도 이천시 율현동
495,1507,신둔도예촌,경강선,127.40476,37.317185,경기도 이천시 신둔면 남정리
496,1506,곤지암,경강선,127.34674,37.351315,경기도 광주시 곤지암읍 곤지암리
497,1505,초월,경강선,127.299,37.374419,경기도 광주시 초월읍 쌍동리
498,1504,경기광주,경강선,127.25263,37.399907,경기도 광주시 역동
499,1503,삼동,경강선,127.20336,37.409522,경기도 광주시 삼동
500,1502,이매,경강선,127.127819,37.394655,경기도 성남시 분당구 이매동
501,1501,판교,경강선,127.111217,37.394761,경기도 성남시 분당구 백현동
502,1458,금정,과천선,126.943417,37.372209,경기도 군포시 금정동
503,1457,범계,과천선,126.950806,37.389793,경기도 안양시 동안구 호계동
504,1456,평촌,과천선,126.963883,37.394287,경기도 안양시 동안구 관양동
505,1455,인덕원,과천선,126.976715,37.401553,경기도 안양시 동안구 관양동
506,1454,정부과천청사,과천선,126.98978,37.426513,경기도 과천시 중앙동
507,1453,과천,과천선,126.996568,37.433021,경기도 과천시 별양동
508,1452,대공원,과천선,127.006523,37.435675,경기도 과천시 막계동
509,1451,경마공원,과천선,127.007888,37.443885,경기도 과천시 과천동
510,1450,선바위,과천선,127.002303,37.451673,경기도 과천시 과천동
511,1408,신창(순천향대),장항선,126.951108,36.769502,충청남도 아산시 신창면 행목리
512,1407,온양온천,장항선,127.003249,36.780483,충청남도 아산시 온천동
513,1405,배방,장항선,127.052991,36.777629,충청남도 아산시 배방읍 구령리
514,1404,탕정,장항선,127.08485,36.78866,충청남도 아산시 탕정면 매곡리
515,1403,아산,장항선,127.104361,36.792053,충청남도 아산시 배방읍 장재리
516,1402,쌍용(나사렛대),장항선,127.1214,36.793759,충청남도 천안시 서북구 쌍용동
517,1401,봉명,장항선,127.135763,36.801215,충청남도 천안시 동남구 봉명동
518,1329,춘천,경춘선,127.717023,37.885054,강원도 춘천시 근화동
519,1328,남춘천,경춘선,127.723792,37.864007,강원도 춘천시 퇴계동
520,1327,김유정,경춘선,127.71434,37.818466,강원도 춘천시 신동면 증리
521,1326,강촌,경춘선,127.634146,37.805723,강원도 춘천시 남산면 방곡리
522,1325,백양리,경춘선,127.58933,37.830779,강원도 춘천시 남산면 강촌리
523,1324,굴봉산,경춘선,127.557695,37.832067,강원도 춘천시 남산면 백양리
524,1323,가평,경춘선,127.510739,37.814536,경기도 가평군 가평읍 달전리
525,1322,상천,경춘선,127.454821,37.770246,경기도 가평군 청평면 상천리
526,1321,청평,경춘선,127.42661,37.735488,경기도 가평군 청평면 청평리
527,1320,대성리,경춘선,127.379319,37.684071,경기도 가평군 청평면 대성리
528,1319,마석,경춘선,127.311767,37.652782,경기도 남양주시 화도읍 마석우리
529,1318,천마산,경춘선,127.285379,37.658978,경기도 남양주시 화도읍 묵현리
530,1317,평내호평,경춘선,127.244493,37.653225,경기도 남양주시 평내동
531,1316,금곡,경춘선,127.207853,37.637382,경기도 남양주시 금곡동
532,1315,사릉,경춘선,127.176933,37.65108,경기도 남양주시 진건읍 사능리
533,1314,퇴계원,경춘선,127.143952,37.648311,경기도 남양주시 퇴계원읍 퇴계원리
534,1313,별내,경춘선,127.12684,37.64202,경기도 남양주시 별내동
535,1312,갈매,경춘선,127.114757,37.634118,경기도 구리시 갈매동
536,1311,신내,경춘선,127.103218,37.612887,서울특별시 중랑구 망우동
537,1294,디지털미디어시티,경의중앙선,126.900453,37.577475,서울특별시 은평구 수색동
538,1293,홍대입구,경의중앙선,126.926683,37.557641,서울특별시 마포구 동교동
539,1292,공덕,경의중앙선,126.952099,37.542596,서울특별시 마포구 도화동
540,1291,서울역,경의중앙선,126.97103,37.557231,서울특별시 중구 봉래동2가
541,1285,임진강,경의중앙선,126.746765,37.888421,경기도 파주시 문산읍 마정리
542,1284,문산,경의중앙선,126.788047,37.854619,경기도 파주시 문산읍 문산리
543,1283,파주,경의중앙선,126.792783,37.815298,경기도 파주시 파주읍 봉암리
544,1282,월롱,경의중앙선,126.792587,37.796188,경기도 파주시 월롱면 위전리
545,1280,금촌,경의중앙선,126.774644,37.766217,경기도 파주시 금촌동
546,1279,금릉,경의중앙선,126.765347,37.751322,경기도 파주시 금촌동
547,1278,운정,경의중앙선,126.767257,37.725826,경기도 파주시 야당동
548,1277,야당,경의중앙선,126.761356,37.712327,경기도 파주시 야당동
549,1276,탄현,경의중앙선,126.761086,37.694023,경기도 고양시 일산서구 덕이동
550,1275,일산,경의중앙선,126.769846,37.682077,경기도 고양시 일산서구 일산동
551,1274,풍산,경의중앙선,126.786243,37.672346,경기도 고양시 일산동구 풍동
552,1273,백마,경의중앙선,126.794461,37.658239,경기도 고양시 일산동구 백석동
553,1272,곡산,경의중앙선,126.801762,37.645676,경기도 고양시 일산동구 백석동
554,1271,능곡,경의중앙선,126.820783,37.618808,경기도 고양시 덕양구 토당동
555,1270,행신,경의중앙선,126.834146,37.612102,경기도 고양시 덕양구 강매동
556,1269,강매,경의중앙선,126.843223,37.612314,경기도 고양시 덕양구 행신동
557,1268,화전,경의중앙선,126.868387,37.602888,경기도 고양시 덕양구 화전동
558,1267,수색,경의중앙선,126.895611,37.580842,서울특별시 은평구 수색동
559,1266,디지털미디어시티,경의중앙선,126.900453,37.577475,서울특별시 은평구 수색동
560,1265,가좌,경의중앙선,126.915487,37.568491,서울특별시 서대문구 남가좌동
561,1264,홍대입구,경의중앙선,126.926683,37.557641,서울특별시 마포구 동교동
562,1263,서강대,경의중앙선,126.935711,37.551881,서울특별시 마포구 노고산동
563,1262,공덕,경의중앙선,126.952099,37.542596,서울특별시 마포구 도화동
564,1261,효창공원앞,경의중앙선,126.96221,37.538579,서울특별시 용산구 용문동
565,1252,신촌,경의중앙선,126.942597,37.559733,서울특별시 서대문구 신촌동
566,1251,서울역,경의중앙선,126.97103,37.557231,서울특별시 중구 봉래동2가
567,1220,지평,중앙선,127.629874,37.476393,경기도 양평군 지평면 지평리
568,1219,용문,중앙선,127.594647,37.48223,경기도 양평군 용문면 다문리
569,1218,원덕,중앙선,127.547076,37.468672,경기도 양평군 양평읍 원덕리
570,1217,양평,중앙선,127.491837,37.492773,경기도 양평군 양평읍 양근리
571,1216,오빈,중앙선,127.473868,37.506062,경기도 양평군 양평읍 오빈리
572,1215,아신,중앙선,127.443173,37.51382,경기도 양평군 옥천면 아신리
573,1214,국수,중앙선,127.399367,37.516169,경기도 양평군 양서면 국수리
574,1213,신원,중앙선,127.372921,37.525545,경기도 양평군 양서면 신원리
575,1212,양수,중앙선,127.329098,37.545981,경기도 양평군 양서면 용담리
576,1211,운길산,중앙선,127.310115,37.554669,경기도 남양주시 조안면 진중리
577,1210,팔당,중앙선,127.243939,37.547371,경기도 남양주시 와부읍 팔당리
578,1209,도심,중앙선,127.222672,37.579622,경기도 남양주시 와부읍 도곡리
579,1208,덕소,중앙선,127.208832,37.586781,경기도 남양주시 와부읍 덕소리
580,1207,양정,중앙선,127.19364,37.60533,경기도 남양주시 이패동
581,1206,도농,중앙선,127.161153,37.608806,경기도 남양주시 다산동
582,1205,구리,중앙선,127.143869,37.603392,경기도 구리시 인창동
583,1204,양원,중앙선,127.107906,37.606596,서울특별시 중랑구 망우동
584,1203,망우,중앙선,127.091909,37.59955,서울특별시 중랑구 상봉동
585,1202,상봉(시외버스터미널),중앙선,127.08504,37.596678,서울특별시 중랑구 상봉동
586,1201,중랑,중앙선,127.076116,37.594917,서울특별시 중랑구 중화동
587,1032,신길,경부선,126.917865,37.516862,서울특별시 영등포구 신길동
588,1031,복정,분당선,127.126658,37.470345,서울특별시 송파구 장지동
589,1030,수서,분당선,127.101422,37.487472,서울특별시 강남구 수서동
590,1028,대모산입구,분당선,127.07272,37.491373,서울특별시 강남구 개포동
591,1027,개포동,분당선,127.06614,37.489116,서울특별시 강남구 개포동
592,1026,구룡,분당선,127.058856,37.486839,서울특별시 강남구 개포동
593,1025,도곡,분당선,127.055186,37.491224,서울특별시 강남구 도곡동
594,1024,한티,분당선,127.052873,37.496237,서울특별시 강남구 도곡동
595,1023,선릉,분당선,127.048807,37.504856,서울특별시 강남구 역삼동
596,1022,창동,경원선,127.047806,37.653007,서울특별시 도봉구 창동
597,1021,녹천,경원선,127.051269,37.644799,서울특별시 도봉구 창동
598,1020,월계,경원선,127.058831,37.633212,서울특별시 노원구 월계동
599,1019,광운대,경원선,127.061835,37.623632,서울특별시 노원구 월계동
600,1018,석계,경원선,127.065934,37.614532,서울특별시 성북구 석관동
601,1017,신이문,경원선,127.067325,37.601854,서울특별시 동대문구 이문동
602,1016,외대앞,경원선,127.063549,37.596073,서울특별시 동대문구 이문동
603,1015,회기,중앙선,127.057583,37.58946,서울특별시 동대문구 휘경동
604,1014,청량리(서울시립대입구),경원선,127.0483,37.580759,서울특별시 동대문구 전농동
605,1013,왕십리(성동구청),경원선,127.038352,37.561827,서울특별시 성동구 행당동
606,1012,응봉,경원선,127.034538,37.549946,서울특별시 성동구 응봉동
607,1011,옥수,경원선,127.018672,37.540446,서울특별시 성동구 옥수동
608,1010,한남,경원선,127.009169,37.52943,서울특별시 용산구 한남동
609,1009,서빙고,경원선,126.988537,37.519594,서울특별시 용산구 서빙고동
610,1008,이촌(국립중앙박물관),경원선,126.973406,37.522427,서울특별시 용산구 용산동5가
611,1007,신도림,경부선,126.891144,37.508787,서울특별시 구로구 신도림동
612,1006,영등포,경부선,126.907628,37.515504,서울특별시 영등포구 영등포동
613,1005,대방,경부선,126.926382,37.513342,서울특별시 영등포구 신길동
614,1004,노량진,경부선,126.94271,37.514149,서울특별시 동작구 노량진동
615,1003,용산,경부선,126.964561,37.529849,서울특별시 용산구 한강로3가
616,1002,남영,경부선,126.9713,37.541021,서울특별시 용산구 갈월동
617,1001,서울역,경부선,126.971134,37.554337,서울특별시 용산구 동자동
618,434,남태령,4호선,126.989134,37.463873,서울특별시 서초구 방배동
619,433,사당,4호선,126.981651,37.476955,서울특별시 동작구 사당동
620,432,총신대입구(이수),4호선,126.981989,37.486263,서울특별시 동작구 사당동
621,431,동작(현충원),4호선,126.980347,37.502852,서울특별시 동작구 동작동
622,430,이촌(국립중앙박물관),4호선,126.974733,37.522295,서울특별시 용산구 용산동5가
623,429,신용산,4호선,126.967894,37.52917,서울특별시 용산구 한강로2가
624,428,삼각지,4호선,126.9726,37.534075,서울특별시 용산구 한강로1가
625,427,숙대입구(갈월),4호선,126.972106,37.54456,서울특별시 용산구 갈월동
626,426,서울역,4호선,126.972556,37.55281,서울특별시 용산구 동자동
627,425,회현(남대문시장),4호선,126.978246,37.558514,서울특별시 중구 남창동
628,424,명동,4호선,126.986325,37.560989,서울특별시 중구 충무로2가
629,423,충무로,4호선,126.99408,37.561207,서울특별시 중구 필동2가
630,422,동대문역사문화공원,4호선,127.007885,37.565133,서울특별시 중구 을지로7가
631,421,동대문,4호선,127.009287,37.57093,서울특별시 종로구 종로6가
632,420,혜화,4호선,127.001844,37.582336,서울특별시 종로구 동숭동
633,419,한성대입구(삼선교),4호선,127.006221,37.588458,서울특별시 성북구 삼선동1가
634,418,성신여대입구(돈암),4호선,127.016441,37.592612,서울특별시 성북구 동소문동5가
635,417,길음,4호선,127.025053,37.603407,서울특별시 성북구 길음동
636,416,미아사거리,4호선,127.030053,37.613292,서울특별시 강북구 미아동
637,415,미아(서울사이버대학),4호선,127.025983,37.62667,서울특별시 강북구 미아동
638,414,수유(강북구청),4호선,127.025732,37.638052,서울특별시 강북구 번동
639,413,쌍문,4호선,127.034709,37.648627,서울특별시 도봉구 창동
640,412,창동,4호선,127.047274,37.653088,서울특별시 도봉구 창동
641,411,노원,4호선,127.063276,37.65627,서울특별시 노원구 상계동
642,410,상계,4호선,127.073572,37.660878,서울특별시 노원구 상계동
643,409,당고개,4호선,127.079066,37.670272,서울특별시 노원구 상계동
644,342,오금,3호선,127.128319,37.502129,서울특별시 송파구 오금동
645,341,경찰병원,3호선,127.12454,37.495918,서울특별시 송파구 가락동
646,340,가락시장,3호선,127.117757,37.492245,서울특별시 송파구 가락동
647,339,수서,3호선,127.101907,37.487378,서울특별시 강남구 수서동
648,338,일원,3호선,127.08439,37.483681,서울특별시 강남구 일원동
649,337,대청,3호선,127.079532,37.493514,서울특별시 강남구 일원동
650,336,학여울,3호선,127.070594,37.496663,서울특별시 강남구 대치동
651,335,대치,3호선,127.063642,37.494612,서울특별시 강남구 대치동
652,334,도곡,3호선,127.055452,37.490922,서울특별시 강남구 대치동
653,333,매봉,3호선,127.046769,37.486947,서울특별시 강남구 도곡동
654,332,양재(서초구청),3호선,127.033902,37.484477,서울특별시 서초구 서초동
655,331,남부터미널(예술의전당),3호선,127.016189,37.485013,서울특별시 서초구 서초동
656,330,교대(법원.검찰청),3호선,127.013786,37.493025,서울특별시 서초구 서초동
657,329,고속터미널,3호선,127.004916,37.504891,서울특별시 서초구 반포동
658,328,잠원,3호선,127.01122,37.512759,서울특별시 서초구 잠원동
659,327,신사,3호선,127.020114,37.516334,서울특별시 강남구 논현동
660,326,압구정,3호선,127.028461,37.527072,서울특별시 강남구 신사동
661,325,옥수,3호선,127.017269,37.541684,서울특별시 성동구 옥수동
662,324,금호,3호선,127.015872,37.548034,서울특별시 성동구 금호동4가
663,323,약수,3호선,127.010541,37.554867,서울특별시 중구 신당동
664,322,동대입구,3호선,127.005602,37.559052,서울특별시 중구 장충동2가
665,321,충무로,3호선,126.994072,37.56143,서울특별시 중구 필동2가
666,320,을지로3가,3호선,126.992548,37.566672,서울특별시 중구 을지로3가
667,319,종로3가,3호선,126.991791,37.571605,서울특별시 종로구 묘동
668,318,안국,3호선,126.985443,37.576477,서울특별시 종로구 경운동
669,317,경복궁(정부서울청사),3호선,126.97353,37.575762,서울특별시 종로구 적선동
670,316,독립문,3호선,126.957748,37.574571,서울특별시 종로구 무악동
671,315,무악재,3호선,126.950291,37.582299,서울특별시 서대문구 홍제동
672,314,홍제,3호선,126.943736,37.589066,서울특별시 서대문구 홍제동
673,313,녹번,3호선,126.935756,37.600927,서울특별시 은평구 녹번동
674,312,불광,3호선,126.92982,37.610553,서울특별시 은평구 대조동
675,311,연신내,3호선,126.921038,37.619229,서울특별시 은평구 불광동
676,310,구파발,3호선,126.918821,37.636763,서울특별시 은평구 진관동
677,309,지축,3호선,126.913917,37.648033,경기도 고양시 덕양구 지축동
678,250,용두(동대문구청),2호선,127.038091,37.574028,서울특별시 동대문구 용두동
679,249,신정네거리,2호선,126.852912,37.520074,서울특별시 양천구 신정동
680,248,양천구청,2호선,126.865819,37.512398,서울특별시 양천구 신정동
681,247,도림천,2호선,126.882768,37.514287,서울특별시 구로구 신도림동
682,246,신설동,2호선,127.024932,37.574747,서울특별시 동대문구 신설동
683,245,신답,2호선,127.046481,37.57004,서울특별시 성동구 용답동
684,244,용답,2호선,127.050899,37.561904,서울특별시 성동구 사근동
685,243,충정로(경기대입구),2호선,126.964378,37.559704,서울특별시 서대문구 충정로3가
686,242,아현,2호선,126.956141,37.557345,서울특별시 마포구 아현동
687,241,이대,2호선,126.946013,37.556733,서울특별시 마포구 대흥동
688,240,신촌,2호선,126.936926,37.555131,서울특별시 서대문구 창천동
689,239,홍대입구,2호선,126.923708,37.55679,서울특별시 마포구 동교동
690,238,합정,2호선,126.913808,37.549457,서울특별시 마포구 합정동
691,237,당산,2호선,126.902767,37.534946,서울특별시 영등포구 당산동6가
692,236,영등포구청,2호선,126.89661,37.525706,서울특별시 영등포구 당산동3가
693,235,문래,2호선,126.89476,37.517933,서울특별시 영등포구 문래동3가
694,234,신도림,2호선,126.891084,37.508961,서울특별시 구로구 신도림동
695,233,대림(구로구청),2호선,126.894932,37.493243,서울특별시 구로구 구로동
696,232,구로디지털단지,2호선,126.901401,37.485266,서울특별시 구로구 구로동
697,231,신대방,2호선,126.913149,37.487462,서울특별시 관악구 신림동
698,230,신림,2호선,126.929715,37.484201,서울특별시 관악구 신림동
699,229,봉천,2호선,126.941892,37.482362,서울특별시 관악구 봉천동
700,228,서울대입구(관악구청),2호선,126.952739,37.481247,서울특별시 관악구 봉천동
701,227,낙성대,2호선,126.963693,37.47693,서울특별시 관악구 봉천동
702,226,사당,2호선,126.981544,37.476538,서울특별시 동작구 사당동
703,225,방배,2호선,126.997596,37.481426,서울특별시 서초구 방배동
704,224,서초,2호선,127.007917,37.491897,서울특별시 서초구 서초동
705,223,교대(법원.검찰청),2호선,127.014667,37.493961,서울특별시 서초구 서초동
706,222,강남,2호선,127.027912,37.49799,서울특별시 강남구 역삼동
707,221,역삼,2호선,127.036456,37.500622,서울특별시 강남구 역삼동
708,220,선릉,2호선,127.048203,37.504286,서울특별시 강남구 역삼동
709,219,삼성(무역센터),2호선,127.06316,37.508844,서울특별시 강남구 대치동
710,218,종합운동장,2호선,127.073704,37.511022,서울특별시 송파구 잠실동
711,217,잠실새내,2호선,127.086162,37.511687,서울특별시 송파구 잠실동
712,216,잠실(송파구청),2호선,127.100159,37.513262,서울특별시 송파구 신천동
713,215,잠실나루,2호선,127.10379,37.520733,서울특별시 송파구 신천동
714,214,강변(동서울터미널),2호선,127.094681,37.535095,서울특별시 광진구 구의동
715,213,구의(광진구청),2호선,127.085916,37.537077,서울특별시 광진구 자양동
716,212,건대입구,2호선,127.069191,37.540373,서울특별시 광진구 자양동
717,211,성수,2호선,127.055961,37.544581,서울특별시 성동구 성수동2가
718,210,뚝섬,2호선,127.047367,37.547184,서울특별시 성동구 성수동1가
719,209,한양대,2호선,127.043655,37.555273,서울특별시 성동구 행당동
720,208,왕십리(성동구청),2호선,127.036954,37.561238,서울특별시 성동구 행당동
721,207,상왕십리,2호선,127.029354,37.564354,서울특별시 성동구 하왕십리동
722,206,신당,2호선,127.019614,37.56564,서울특별시 중구 신당동
723,205,동대문역사문화공원,2호선,127.009054,37.565613,서울특별시 중구 을지로7가
724,204,을지로4가,2호선,126.997817,37.566595,서울특별시 중구 을지로4가
725,203,을지로3가,2호선,126.991696,37.566306,서울특별시 중구 을지로3가
726,202,을지로입구,2호선,126.982618,37.566014,서울특별시 중구 을지로1가
727,201,시청,2호선,126.975411,37.563588,서울특별시 중구 서소문동
728,159,동묘앞,1호선,127.01648,37.573197,서울특별시 종로구 숭인동
729,158,청량리(서울시립대입구),1호선,127.044585,37.579956,서울특별시 동대문구 전농동
730,157,제기동,1호선,127.034893,37.578103,서울특별시 동대문구 용두동
731,156,신설동,1호선,127.024634,37.576048,서울특별시 동대문구 신설동
732,155,동대문,1호선,127.01093,37.571687,서울특별시 종로구 창신동
733,154,종로5가,1호선,127.001849,37.570926,서울특별시 종로구 종로5가
734,153,종로3가,1호선,126.991847,37.570406,서울특별시 종로구 종로3가
735,152,종각,1호선,126.982923,37.570161,서울특별시 종로구 종로1가
736,151,시청,1호선,126.977088,37.565715,서울특별시 중구 정동
737,150,서울역,1호선,126.972135,37.556228,서울특별시 중구 봉래동2가
